{
    "avg_prec": 0.9999939647166438,
    "roc_auc": 0.9999975673029953
}